{
    "MAE": 181849.68919793604,
    "MSE": 166399313955.9239,
    "R2": 0.4834458722379271
}